average_speed,max_acceleration,hard_brakes,smooth_brakes,energy_consumption,idle_time,driver_profile
48.97733051576496,4.004653768251556,1,3,15.923999226283863,43.11047220268587,1
46.21670592218103,1.3116668566245466,0,4,13.054184465858087,63.28177954728741,2
77.70289622723541,2.205657937311609,7,1,24.45032677519197,51.08454971429337,0
87.19338490853096,2.5962480744151337,3,1,20.2270141326927,15.310485189926066,0
51.853253024611654,2.0055973807753875,0,10,13.461822991333532,54.66615059173865,2
74.24606719012543,2.0078562970910223,3,3,16.65044607377832,32.33410071274631,1
57.17728698036967,1.6164823700934525,1,3,15.35009045156316,70.40049455105438,2
45.23460452197955,1.8223463960752517,1,4,15.385675774147746,70.33633927698693,1
65.40512546373355,1.8268815749812206,1,1,17.338235865096863,57.09829845815147,1
50.02565487130073,0.8959906222590868,1,3,15.676639811405995,50.92362418307576,2
46.339101296968146,1.200322083496294,0,7,13.963599562526428,54.383339572525365,2
67.07272238425952,2.6637196875270797,1,4,17.170217598363987,25.837979595517517,1
53.58242686147122,1.8123086579357954,1,3,14.60221867996738,51.97811937232322,2
63.73155232597358,3.4183271205980597,2,3,16.943986478641754,56.555111887019436,1
43.475112500849114,0.878569306725079,1,4,16.106302162630424,44.21958256277264,2
93.67660164122337,3.928739008975292,2,0,21.595528886017913,29.493456437640873,0
34.67899934942616,1.7245864737365766,1,3,12.446920164697957,54.828755118429086,2
52.332810038665436,3.179991633918781,3,3,18.067935458068103,62.108693656912,1
56.526595252956426,2.4072552739489543,0,3,15.070324729479584,61.55330889371379,1
68.5099679714256,4.297117441856634,6,4,24.34985407264813,23.178208720240573,0
61.97199387329672,1.8701571966550286,1,5,19.115469551440146,48.813037361661145,1
51.244630741775154,2.378422349320901,1,5,16.193060158326777,64.60031250391128,1
37.95137369299826,2.229090639849807,3,6,11.79578869424055,82.81921143366912,2
45.5308897810891,0.8728047587413534,1,6,15.283999938909407,55.96316755978472,2
48.54860484789532,1.3495348317625064,0,5,12.990364242964677,106.20080547570345,2
82.62942078869115,4.2564201008291604,2,1,21.946905123104855,29.448406024040924,0
80.31455241160397,3.409052924978571,2,0,22.815463229405825,5.465979289953147,0
82.94853453884461,6.137903742961234,2,1,18.715328886812298,34.16631345107824,0
49.322340182425954,1.8933768827578676,0,11,14.92671203109173,58.63553877701157,2
68.2080406386404,2.3156930329839556,5,1,17.378551190770764,18.314657709990595,1
62.886012437258735,1.7210077683343141,3,5,14.289664589731766,28.193435768115435,1
99.47219051825141,3.2236782633707826,4,4,23.72769544514018,34.23647614131951,0
48.53031533578372,1.7587732060392423,1,2,16.087682136130024,20.47067554706548,1
44.17771432983117,3.403100173115617,3,3,16.90958344740607,39.470424056216515,1
64.42103130700073,3.212464695277125,0,3,16.964346421035795,79.4997185137331,1
55.54397688740733,1.402543529328285,1,7,14.12143181363622,54.67537382080286,2
84.27477093793577,2.372372298849175,5,0,15.789567486033164,26.677718018731092,0
93.66843427984608,4.59567507296682,6,1,20.927374205457348,23.8909165938233,0
69.86499645624303,2.520401134527534,3,2,18.10494243591428,60.24290132283045,1
59.73222376587893,3.220249629846274,1,1,17.586277763556474,30.43677175350006,1
58.05755473504906,2.537058308033201,1,4,14.78620649659503,65.49257106778728,2
55.23135580172637,2.7809098033545396,0,4,15.723182712842235,30.088191476215364,1
52.30009376795574,1.4316689480402327,2,4,10.254292299020651,56.9043246873785,2
47.97096296518179,3.524138875393097,3,1,14.841089412662535,28.57436067675768,1
89.44483269606947,4.107135549335672,6,1,27.66169675985606,31.27789088717487,0
68.38539424091921,3.575959295729312,3,7,15.301945485579067,59.16780521781727,1
88.4366084668256,5.365829107036515,3,4,19.79374083291731,20.407370951929046,0
50.35613816752003,1.0846457693873721,3,4,12.581603439560789,44.84132082793067,2
81.74908558456855,3.3112520697723244,5,2,20.28450537803094,32.04672646718226,0
43.07230189242728,1.8313479626001556,1,4,14.42756657464532,49.802753123789614,2
45.070868623056825,2.462215770049493,0,2,16.639214313420915,43.269409469652345,1
66.65679722534685,1.5521431763259148,2,2,16.872320805152643,59.12064265415568,1
53.59912773309378,1.3702891255055343,0,4,14.189066239506097,69.01566097642947,2
64.22437120132886,4.2427035133407065,5,0,25.339444575530855,33.782916362328464,0
76.61963615227421,2.9826500393365105,2,2,24.639667175577625,27.764610639298628,0
83.74241335548585,3.32796921112363,6,3,22.22337895883861,24.907323824596823,0
83.5252326718405,6.428880933324839,4,0,19.861210685766586,25.56621606321979,0
73.44246471226306,2.0247177123922517,3,2,15.759938171304272,33.599982673383614,1
67.58149557804462,2.3622883726445645,2,3,15.244527094164127,43.8906230211097,1
47.82710213041901,1.4179081582362918,1,4,13.908281100664974,62.86436466329413,2
68.26340547654927,3.1621034121610725,5,0,22.85688226478068,51.91504024134177,0
46.736328285134505,0.9451961162876592,0,7,13.835067224879925,48.00050671795509,2
49.24983323608969,2.241451381235048,0,5,16.447890219888336,37.11960677419218,2
55.74068436264125,3.8982307672533616,1,5,14.766244475383075,55.083150801108246,1
58.76715682807586,1.704143946785847,1,8,11.27616663765448,44.26638799834142,2
62.44203596467379,1.7915239589114846,4,2,17.679030049904576,55.98695770016756,1
54.355461378138244,2.3846330867906644,0,2,14.470331665171326,16.526996546843506,1
53.405234692199016,1.8275808609116888,0,4,13.154734554712487,53.67007699457184,2
81.64036810636705,5.856807376641997,5,2,19.988147679577786,38.361846084193864,0
48.99067512431873,1.7443793046927305,0,2,14.842628093308372,78.77125726194646,2
65.37864027197341,4.249288941561158,6,2,21.658745935255773,33.06188916470406,0
78.8156777726266,5.168895956655944,4,2,28.70414552152395,39.683290252026524,0
43.562398782598265,1.9619864377278287,2,3,17.498702284096137,6.514011730242913,1
84.8686351836758,4.310928397098569,7,0,21.291261614755246,52.838956459048006,0
46.127367108867745,2.599955412386186,1,4,17.493041893168666,57.16715825651583,1
55.907498283489154,1.6509594830481622,2,2,12.989522642015377,70.84087406352731,2
87.33057983678022,4.414341375550849,5,1,22.357701274832873,33.70763904069557,0
56.017100241155184,1.6713093801197747,2,6,14.268850570379428,83.72962843014396,2
68.20112237095186,3.015258241198985,2,3,19.19578370488976,44.11436506307746,1
47.9263918561807,2.305574109976901,0,7,12.71382744591867,67.87497153515879,2
99.87753612434406,3.609752466510987,2,0,21.72578683929417,35.04862037682428,0
67.58682348306654,2.8739578112093227,1,1,19.599470582894437,54.20470995662838,1
83.53693499442464,5.241580659688218,8,0,20.533968981594303,25.482788034980228,0
50.85408769833185,1.1228097688434895,2,4,14.853704664946832,86.55255377173869,2
58.027258278218156,1.945742248723071,4,4,18.539399094888772,52.58928235936152,1
56.25224463967119,2.7109818257028655,2,1,15.998573601283013,43.669750607844755,1
51.2333020717603,1.6369872157757555,1,5,17.928831509703013,29.394733178295315,1
61.86187962592788,1.7605119837264431,1,4,15.416419814472732,21.840205267012333,1
60.59551974191759,3.540722677498744,1,5,13.459526331252658,23.608139247647436,1
58.5142709850121,2.00675273180366,2,5,15.35031880612151,49.93408160194517,1
69.89561443693367,2.819019037936097,1,6,20.0809303951086,30.647179899361745,1
62.65582276260345,3.014015519677596,1,6,17.718702649188444,32.97288143556689,1
40.42026730791983,0.5191992534820952,2,7,14.02059893581028,52.5257280003468,2
58.9554235676985,1.6624421131579763,1,3,15.192128192262299,46.46951837719823,1
52.64234978560517,1.5697892909524556,1,5,13.671152940650705,42.96640273417988,2
86.02607016749467,3.9756249856711667,6,5,22.95609548347106,27.71025849228155,0
82.53048329578289,3.2125338032783466,5,1,18.69320691804343,41.03214321110144,0
53.68986012140674,1.8369271740503734,2,5,12.236952746499433,37.95162140584189,2
63.42255548011154,3.162222532477931,2,2,17.786768375600495,54.859849735866334,1
51.37116433126061,2.3178171478963008,1,5,14.572236683451429,41.94542833006224,2
69.67459503832175,4.319382726734073,4,2,17.50499453209356,51.83968598058979,1
60.9654340324823,1.9068045864147023,0,3,14.060598928003259,31.62871344643723,1
84.56184581491709,3.452427979872402,4,0,26.26363291457754,24.852238197911248,0
46.02005967357437,2.1604818148333393,2,2,14.580490506492636,30.128972390046176,2
63.047854280974676,1.1978975172581123,4,4,17.523915577705967,51.690162073602544,1
56.48663888462306,1.9476867763469816,1,2,15.53098629624046,54.58646018454051,2
54.689185396147586,1.3684170527460302,3,5,14.931058646988456,117.68342909409563,2
71.40951502760008,2.5462206842551556,2,4,18.662104846408784,59.0162133373925,1
44.70121840142819,1.6442320258807293,1,4,12.941764186442262,63.62130062605068,2
44.92012122144658,1.1308453332753785,2,8,12.261442685763448,89.77305643743205,2
59.16396465798644,1.9333258537007667,0,2,12.828261736931044,0.0,2
82.83346510186482,2.845280279455534,3,3,28.073375740609933,41.42756778237473,0
83.37130332702439,4.800711905661431,6,0,22.445086896903966,33.24597358470701,0
81.53825444577541,3.450861968618701,2,0,24.044015554039284,39.31583139138394,0
84.2130141903319,4.290690641814709,11,0,22.368815933074394,40.13396171649967,0
94.05710298315043,3.3080392385016335,2,1,24.162797500705427,22.36830659634306,0
66.76801779829995,2.7585575247902643,1,2,17.82439279948654,45.05917461331232,1
82.24302349349678,5.500925599932504,5,1,22.43555216565393,19.475302120538558,0
48.089129628668836,0.8794477125569651,0,4,14.48338157384276,76.45003076402881,2
79.8954826122295,3.7804858788384523,6,1,20.62748527553242,15.433412329579003,0
87.16356494581596,3.680450785805965,6,0,21.399887323789866,4.981803642420907,0
80.63487735644408,5.017758919191504,4,1,22.098895977917106,31.360809430085215,0
57.15369054108746,1.5167925128053052,0,6,11.362081866829817,41.19808642211657,2
53.807111124505234,0.9339760296994292,0,2,10.632591199298574,47.33701228942637,2
67.45909337183843,1.8246667723035395,2,5,15.312712051269393,84.9390080915318,2
40.072339404877766,1.8797949812337482,2,8,13.463452367233256,43.146938239369845,2
67.28736622669416,6.1884954454883525,4,2,25.383650452642783,33.039695091421905,0
85.39248406952025,2.110868494428151,8,1,20.669408887354678,29.811991892157085,0
67.7428002447208,1.814377792803688,0,3,17.54415930506583,65.19167748434626,1
50.60001397840849,1.960372428836218,1,3,13.229230098408191,51.50890427647398,2
48.10495399729225,2.6876054876539848,1,5,18.168897147582612,26.491199835951974,1
46.998833235148005,1.7418353761563727,0,7,12.83759809660353,38.11310450030642,2
59.37126824710528,2.5394212882122287,4,1,14.408949069700427,35.6724740621606,1
80.71014383771342,4.985118255085068,7,0,22.667039637973627,24.944473694548506,0
84.30061685411162,1.9913904293454228,7,1,20.88671399442432,12.510765567734783,0
47.85876098115995,0.8121536921874176,1,5,13.955665934576215,72.32572286550987,2
77.53795050169462,2.551965723368872,7,0,22.44786221043991,21.279266581565068,0
81.85295301035873,5.682556168357887,4,2,24.91964580948829,22.351584981782658,0
70.20971914643991,3.980841746396645,5,2,15.783324437140825,7.77399432778704,0
49.00126955536965,0.0,1,4,12.604531034849654,70.49433198835655,2
61.17785482383454,2.5133704581506784,1,4,14.852459436815982,43.38395081257452,1
71.72063489342769,4.0450773303958325,4,0,19.870054346877886,17.867888760795196,0
65.02457630523108,4.360795042692336,2,0,22.03290290701018,30.44361460551095,0
79.20990912713974,2.330009230324606,7,2,22.6515891624699,28.482198396008652,0
66.08221492621688,2.864211184625374,4,1,24.980510628732077,37.27099544543929,0
61.24446988049746,1.7315215567027216,0,3,14.012160974575183,58.7623710257297,2
55.49673610606548,1.798609926628533,3,4,16.840829928580558,36.47721839683119,1
64.04165815399283,1.00807864982439,1,8,13.5204000542069,26.521560787248383,2
84.1812590074521,2.8114264885437263,4,0,24.204583683798724,28.355168787479325,0
65.1565858400784,1.6965852227128653,0,8,13.465173266014368,63.663779775851154,2
69.98724529293399,4.135908328867106,4,2,15.02462769173684,14.39187235247012,0
49.27783988103484,1.4115059969330233,1,3,15.507749424122373,46.24685676403829,2
74.26272486999842,5.290551232430744,4,0,20.243914729585732,29.860416641712426,0
45.3185527112723,2.617570396688711,1,3,12.158384429074657,77.91416259198213,2
82.64442940029338,3.3300624417350804,6,1,21.67448836381146,27.05013812484086,0
95.6349401185019,3.3615916585881602,7,1,22.689064996523296,16.670430055786134,0
62.83220388097464,2.9691060534303477,2,0,16.999622193477318,32.64289484087407,1
64.26906642797458,2.750744089772153,0,4,16.95100327633292,71.21999050488526,1
55.42007957740831,2.6196232524482004,1,2,17.35324608644354,53.05813745785549,1
55.02989961146111,3.1732619013842007,1,0,20.124250464660747,54.77451396318496,1
44.09515080864467,1.2211244617501158,1,3,13.418376842768899,80.18370368622803,2
66.80527244568643,3.369643613958911,2,4,18.83301107784289,35.21536363492948,1
63.93083592813285,4.028332603006966,3,2,16.738336631946318,42.9619002128764,1
38.43886069169091,1.2991718501161493,3,3,14.344156768188146,36.17497875259967,2
69.6549869642689,5.124141159687785,6,2,19.666783492341153,34.826726376944336,0
47.74609299144499,1.4886767771108838,0,6,14.416168853532646,50.21210253888883,2
62.20706989803952,2.1392819622071313,5,2,15.378181519534948,50.37670409316703,1
76.98223123009598,1.395572085267168,4,0,24.173282845468915,19.00688222166339,0
66.37247798991469,3.6920374366643736,5,0,26.715585655746345,6.367762667419704,0
78.04608964216881,5.9154730581544985,4,1,24.44397167505192,52.75163240143371,0
64.66773399619295,2.8293819554937487,5,3,16.502059946088387,41.832148040262204,1
55.62281309777308,1.324637152396301,1,2,16.080624759440582,86.00921041557432,2
53.37235028560391,2.1356353700793558,0,7,11.765807941591591,80.78644391191965,2
43.84155812079151,1.7246722005261335,0,6,16.273423887143643,38.4666406711121,2
53.984566816446964,2.0373732054215394,1,5,13.996790045009295,45.170583068708495,2
51.51091725979731,1.608258655633271,0,10,14.475520972314317,85.56715019891462,2
56.932890417012416,1.2118537485548018,2,2,13.798597239230617,64.99394686302556,2
55.76946591888334,1.4941014748095502,3,4,18.604569732955536,27.006270598711037,1
48.07344912216937,1.904761133283076,2,6,14.764937861966695,61.19592111062145,2
67.16364479556451,2.8308301255893267,1,1,15.45090670819563,27.67507369428354,1
84.48056130318483,3.704280824331859,9,2,28.034675914065453,23.324043133467132,0
61.730442835368706,3.4677445211791995,3,2,24.792978936199688,31.18235728247288,0
67.30191422624958,1.4483889336112512,1,4,13.673528744794195,74.69527345907505,2
67.78848016771664,1.9487117833084655,1,0,19.626764160241464,53.908167293162755,1
82.53271990345635,2.9272842797542964,8,0,15.227267228285601,15.948505692488995,0
57.169859515100086,1.6963664122453186,0,7,12.428531033293975,79.19125951886895,2
71.64922677780702,2.890489143006701,3,0,21.80428412716718,28.065927104554294,0
62.535344765223684,2.535945382869488,0,2,19.67587280978015,65.46163350549709,1
53.86200967987467,0.4658520038722127,0,9,14.722667586059945,56.50019636219403,2
44.33404276029893,1.3318690112970284,0,4,12.943836386910768,52.84085998802705,2
55.68447554881038,2.0616575976648264,0,4,15.31456474386712,58.916103096301256,2
49.250907217171445,1.1634711809083753,0,6,15.45409517878245,47.16274647349205,2
75.29268545603998,3.2243194229162384,2,1,20.617248808302268,24.659293857380806,0
77.10529649473322,4.360968125590455,3,1,22.06418038010442,33.971888388369315,0
55.556610227154614,2.3100950187867326,2,2,18.49542832815805,60.11293807715196,1
59.40006691316846,3.7380379037792077,1,0,17.038901157341254,12.705395644315686,0
84.18410299028214,5.339352879999332,3,1,26.456728090584495,38.1515020861918,0
96.07068768064391,3.207048892784093,4,1,20.825150654381716,36.97645302875387,0
80.82353543124793,1.873573106820566,4,2,19.213143654614868,24.6332159530186,0
56.64254159329514,2.765465886848866,2,5,15.971542646065394,63.13800497686802,1
44.19976552093341,1.2542798751344746,1,5,13.486028832739365,60.30120704681043,2
71.35243059831457,3.8770843821544743,2,0,17.795455779814443,6.647478299105995,0
63.31155961934505,3.9999396244435577,3,0,17.77939683959555,28.07302692807274,0
44.18729231230936,1.11199929870534,1,10,13.489483668418991,31.738381546423618,2
53.83378157453379,3.319708541854757,3,3,17.04126075124482,34.897280121940696,1
58.32549992432647,1.5573040580806456,2,5,15.551621739406524,73.61253868899789,2
92.98698586207816,3.7157618858968595,8,2,19.900390237340567,23.21787697967296,0
78.76234291336783,5.031602626489136,9,1,17.39220770805472,14.391756651592303,0
56.34412739412559,4.736681960583495,12,1,21.02942823356292,19.12065775387783,0
46.651857520464176,1.411706811830825,2,6,13.992967011315141,12.478261828978475,2
47.928976930971785,2.0604895385945396,1,4,14.171066636878818,98.22005945363013,2
71.49867242166857,3.820644587145356,8,1,15.570487579341933,0.5894300123445007,0
43.57525214795007,1.665545205159645,4,3,9.386773436212495,37.56390047561851,2
61.71417926327501,2.300108390765274,3,3,20.741435880851355,44.2357596385948,1
41.56030898374617,1.8594551589132586,3,5,18.199853242992432,65.53090942685947,1
91.3523195473684,2.792216023897538,6,2,21.86321973540577,32.21508976573719,0
57.1740389000794,1.35063666567519,1,6,14.051107271538386,69.87267313760147,2
51.27983454445703,1.8023231605381933,2,5,17.27097684323741,52.77464881725663,1
68.60273603617144,3.014655364157047,2,2,16.530784697630892,43.57471280886714,1
78.58365167878823,3.311152356496743,7,1,22.730105256311106,29.446382831390835,0
51.01768482955945,0.42036027287911915,1,2,11.941861532085085,53.950293911665256,2
84.97750807963365,3.6979921683523513,7,1,22.542302236860536,25.788636722169493,0
55.384920184297,1.9674455739270922,6,1,15.891058311599325,37.65834133467179,1
61.64616040136487,1.92283331417871,0,4,10.371863741376751,81.75166093608344,2
47.17790383730984,1.749053858096155,1,4,13.726278783336568,37.591121922476546,2
74.5016840074419,2.4061889839007953,0,2,16.322974073328506,61.55128910570431,1
61.08363218954873,0.46606622842504497,1,8,13.55793544024179,53.27733930459108,2
55.80752664973772,0.9024704542858917,1,4,13.646391639838278,67.85942653433584,2
51.463493956275016,2.9072836511816633,3,3,16.18517706767073,56.56906778210622,1
51.059727062451245,2.1384276315383897,0,3,14.637308486982638,40.310296570258146,2
70.67140736247583,4.895089711481834,4,1,24.013334524251146,30.3962193433448,0
73.12097369438578,4.390545942750827,4,0,23.645574336037875,18.14651723039517,0
75.93955774607666,5.899432738929688,3,1,22.56668878140051,23.838732316555344,0
43.104612396465676,1.8313577997255095,2,3,16.523270447548846,37.958057739734706,2
54.275033359022515,3.660979957341087,1,0,18.724257712295955,40.1327729327618,0
60.448839601275594,3.940455589811478,3,1,16.92187743144156,24.27471718076213,0
96.7813780835256,3.7003948440637666,4,3,21.590307892453108,37.53576635837158,0
70.0633893276541,5.740289291252515,6,1,23.591981353735747,30.863764549415077,0
79.1787696198326,5.00437020098891,4,3,19.92582631742925,40.27994890173768,0
66.74392381117292,2.9801090427266153,2,3,16.196137027130305,36.43295486812948,1
83.95742711692027,4.293172303015013,1,1,21.530250479188044,20.725699220088792,0
72.92560406522438,3.7564547975736455,5,1,23.96587830997796,18.168592422602416,0
59.87644953681015,2.143946561343901,1,5,13.781725454292939,26.419981474323674,1
74.83554833240908,4.890916267916862,9,0,21.39714361007315,32.423015687269285,0
66.85073642029988,3.542878740725918,3,1,20.83576083095531,16.958805967635104,0
57.99730987236237,3.017280318621371,0,8,16.549086415419612,7.277617355631669,1
55.51266320150492,2.497072936389406,6,0,20.854757120758105,19.481383475365142,0
64.68986362015778,3.370287649770768,2,3,17.597966643105103,58.92518466345342,1
57.52573575064429,2.0613716462337672,3,1,14.10305752537267,41.94694208865071,1
68.20979009298541,1.6615671588994338,4,3,17.882153811695524,54.924776230657216,1
59.438270109495214,2.083248959994231,3,3,14.912637789947688,51.371275903028625,1
53.00850306772054,1.1986468030462554,3,6,11.739903200177817,31.610594998744418,2
68.53113478755577,1.9195438423970725,3,2,14.734009548180778,67.1290525857284,1
66.0397832619534,1.5128605076226034,0,3,18.603056486064183,30.798433967176685,1
84.2485862884854,3.3907510572451662,4,1,18.241540639738286,32.14333948550793,0
81.81283689018146,3.6130870454875206,7,0,21.311905229145403,37.59488023065209,0
62.625922944721786,3.3713068754456614,3,2,13.929618207378994,30.28193362457207,1
68.48019624689047,3.6526671614514377,3,2,23.612965315017487,33.57835968799452,0
65.96737063643582,3.7917416420236956,6,1,22.44139037895687,30.118164791455534,0
50.64575106884856,1.2855712594089757,1,11,12.010563165861358,59.94852752188129,2
51.61958364743787,1.2384803785207925,0,4,13.784862611838953,28.413818843492173,2
81.09104933262454,2.597685969518655,2,1,18.619537077366402,21.235191160606995,0
88.82621429989504,4.39706314755415,4,0,20.665372393329857,24.15970196819658,0
51.28517695023384,2.1544843730164387,2,2,15.609572845256633,19.94857050496605,1
51.29762539994489,1.3956350601161447,0,5,14.917779144191396,56.32022299444517,2
52.576113724141706,2.882488887407151,3,5,16.477804297866,36.286983230044584,1
56.10396589914204,2.0306101755576673,1,5,12.89208060462901,26.716251212829917,2
63.39507712699726,2.518130896481417,2,1,20.544711783395922,52.629248367463525,1
60.0166570253798,2.9724215933126374,3,5,13.086537400762193,39.56331969250775,1
35.08188289269053,3.025936812739457,0,8,12.57825469464475,91.1881201312206,2
79.44846043401648,3.1556499904551085,5,0,16.88808248051882,33.95411879066213,0
49.00179454352988,1.8477018506492562,0,7,13.08189291439245,90.87867072163263,2
62.593066487289846,5.841930705691277,4,0,22.701531688527147,20.23441372650089,0
52.12078813290116,0.7246341291406413,0,7,11.98948726487685,54.68763530470271,2
74.47860488354841,4.183628855394215,5,1,25.647976785216215,46.15931811086274,0
73.3996336701257,4.946554810103401,2,3,24.429411430200062,37.73102430990716,0
52.61395204481164,2.071423810701188,1,4,14.062336047530291,45.8981338013756,1
68.20040911199764,2.559034061880448,7,0,25.2087050097935,35.64021382553292,0
50.55232001159861,2.8648126086795607,3,1,14.96548782825127,73.31418714882169,1
48.44024730023696,2.3919646264482446,0,5,16.303487565753596,20.072083528098762,1
50.14171877929046,3.0660464344941185,4,4,16.974188497371546,42.557782641986755,1
78.14451821130348,3.7876742358381774,6,1,24.641445591328836,12.397661163974703,0
75.33295196030772,3.407069283619834,5,1,22.696925665158837,8.144020571112598,0
52.15713185109415,4.927449113169889,3,1,24.51086445468306,20.504977677938605,0
37.41186916634365,1.189535232147481,0,1,14.902062730527588,85.16509398817779,2
48.30306837777518,2.26788409169715,2,6,15.759290121949103,37.604371170308774,1
62.05004828716771,2.3328514606136768,2,1,14.680953541186478,45.483621703635,1
81.64818374885425,1.4685298582281239,5,0,20.77813353855324,41.30741277252129,0
54.736753193651495,2.239281273479247,3,5,14.21501925161596,46.94742268576904,2
57.25311550159627,1.5056611522632308,0,0,15.892026592150076,42.811035374855194,1
42.94982258884214,1.599328369502545,0,4,14.969252430080598,61.71225489785839,2
54.49624827527185,2.8536173710157176,1,1,20.240945754592676,47.600117477128315,1
56.34002989159517,2.660796311077226,2,6,21.037266385821887,46.3549490015827,1
72.00410850816013,1.4194473977768198,1,1,15.348458968229668,51.982248264042695,1
58.15130500690346,1.2349826889598081,0,4,14.05919827206876,68.16813696229376,2
82.81066867360991,2.726434787533461,4,1,30.669241807150662,25.126831314076448,0
71.3535523539999,2.4434821733323027,1,3,16.934534795867282,60.40674715096251,1
83.81363317046727,3.704728115827114,10,2,24.70699263014681,36.711522406930975,0
80.23224008304724,3.789090118819,8,0,28.677868680510485,14.155309100029092,0
55.06860609914902,2.017444868828217,1,6,15.373035288342084,55.864771640978525,2
43.64874511115299,1.8591559516403118,0,7,14.193613428943436,80.98888013282,2
68.7326889201239,2.248332891147279,2,3,17.415432415147794,66.18800922551782,1
48.0836373185827,2.8933581342604833,2,3,19.29205627123949,39.1635317137959,1
43.545422038605786,0.5714096128813789,0,7,14.613204843358048,65.33523390314731,2
72.5181395549784,3.7602233143947252,1,7,17.261978751883817,56.09427679640932,1
62.291953837104295,2.885181693750055,3,5,15.634755688109456,33.59327385305395,1
60.45190999076897,1.5792101654015707,1,3,15.742446588536328,48.89892683864491,1
57.219271713440385,1.5629158998594082,0,4,13.274016115269061,58.44614620857198,2
61.539908585500925,1.5330141999326277,1,4,12.741256237518895,66.28070155691016,2
58.9515390559498,1.4097289312447214,0,3,13.483868441042732,54.73024493775044,2
62.36222611753581,2.4856435486395254,2,8,14.177355043054789,30.094876100455334,1
59.19023782454702,2.193231027040159,2,2,17.56877012551357,48.79271983918192,1
44.078596749557995,1.839842197701902,0,4,15.400534067258407,80.55893500508283,2
74.70188295705461,2.8189114434316176,2,6,17.55606679420648,40.47658957289888,1
52.71945639586855,1.819415806633924,4,4,15.246087930353955,58.198619084194625,1
66.2684125757436,3.6310092574405473,3,1,28.25357344721699,28.99285553049121,0
63.06408926125689,3.141545828491108,2,5,17.45168126533752,38.97975595112591,1
54.456914569132614,0.9705386488032832,1,5,14.117160486538006,64.95120380847463,2
59.231757196815025,5.701499897931212,3,3,21.406974368497625,18.600808351827204,0
82.39658871883212,2.3815805992448054,7,0,21.128376375166727,30.047700977929434,0
76.35018683079451,3.720296550138188,9,0,22.88726676465439,17.953983360644628,0
78.77780196823049,4.486279659217676,4,1,25.032485517707475,30.736370347834967,0
56.250395533821056,2.4804551759128493,1,5,18.3952151399616,48.375421520265625,1
56.04155218652242,1.1161398531013749,1,3,13.83810729695477,38.826545569660354,2
47.79353467052164,1.3597985822878007,2,3,14.312262359690017,80.10015324873785,2
48.46608623239276,1.5543659532973393,1,5,12.49875284217824,68.32439569564195,2
44.49166988102408,3.178997360286433,2,1,20.3824268511369,26.09873721693185,1
57.84679930784995,2.174954490559813,2,5,16.24287418847593,67.541725550777,2
81.08522596736869,3.3494104107445684,2,1,19.33226812911831,26.77383585693746,0
58.38336281448066,3.0044925320663474,3,0,13.865622025374687,56.34775668726632,1
85.4108961986699,5.70002661892207,4,1,22.00028735779926,20.28321850195972,0
65.14257675542753,1.891588890543465,0,4,15.48684066838599,61.25524662295152,1
57.71366247919649,2.9245369142356923,3,4,17.317128717255247,48.36722458386073,1
87.6073920941025,3.764723971911124,7,0,18.54049742796181,38.366776316737024,0
81.73018863098825,1.8435835137739787,7,1,20.719033141660177,24.030574485995608,0
51.52834195632827,1.4539462926465625,1,6,11.380585824443914,54.35522314449267,2
59.17840259025992,1.0439835516984153,1,5,12.30916527456349,99.15804926597104,2
54.708719668065335,2.055054518225207,0,1,15.366819413174905,43.984551185258994,1
67.56314489787998,3.4070926372668056,2,2,14.42005095262028,51.182955194752736,1
69.60784451562824,2.7864893714191954,6,4,19.18546164408346,42.3440005349933,1
57.777003171098634,2.4838511257081968,3,0,18.557137612301286,34.1451144850445,1
95.98919278804637,3.3242385345330123,5,1,29.704386397997407,17.140933936547746,0
98.95284859396648,5.316245301775307,5,1,24.923332569966796,26.588709832440916,0
64.2527326376096,3.4062041620759422,2,2,18.08884431421337,45.22933447095378,1
47.93094576597719,1.3161532833399254,0,6,13.218362978071148,59.109494894325174,2
39.66578827191336,1.2102810066627803,0,3,15.340987461108435,42.81466667917306,2
71.5370905529192,4.043634972768235,2,2,14.242222272396157,12.307778651246057,0
45.240594569396364,1.5145829091394447,0,1,13.77379598989704,34.15746652101589,2
88.32589282119065,1.815109401494928,5,1,20.98434247041952,31.48143193435049,0
91.20006674759864,4.551270365597506,4,2,19.44085633332238,30.487659314026015,0
50.55951246969231,1.6656503625202959,1,2,13.07588135959865,77.78430001376493,2
69.18728124674792,3.800541068728467,5,0,21.440895213170187,15.2373700103916,0
80.64388224768483,4.67436965625154,3,1,21.427365125946327,34.62389520510821,0
74.79946834867691,3.952241732320152,9,1,26.83227341325719,42.21864653413173,0
91.24729046387267,5.205953220092951,7,2,21.51704759633907,37.91104141300075,0
57.793838766204345,2.3671614505149106,2,1,17.348855605333647,29.58644316739685,1
89.461065947608,1.8442851519663583,5,0,19.611464266909568,22.34260159228329,0
85.39191740369237,3.6866947243606085,4,2,25.29074914002215,49.18817679293521,0
47.214636463654244,1.5139043175774647,1,5,12.040616113425054,51.42921897640987,2
64.23457303873289,2.0257329290267543,3,5,13.559983159205249,47.56189403272707,1
82.72507039478391,4.602297128364467,1,0,18.984697596903082,31.441144144360862,0
62.86462031987433,2.655638580575158,2,0,17.111980690580985,47.39077582063542,1
78.19194312762187,2.6627908192378342,3,4,29.43687751670408,25.63036269997805,0
63.11578091598428,3.196357019744908,2,2,15.360775434301104,37.78878875496095,0
50.412944555394176,1.9432263331385855,2,3,15.084507216833565,55.92148773688992,2
72.38800241920062,1.784617537481513,5,2,22.936935012733944,36.18676216344177,0
44.12773400442639,1.91523822651759,1,5,13.528909393630196,69.94111673992917,2
52.15956913389853,3.7964336433568353,6,2,14.340650834399224,35.26560293883198,1
60.018690685723755,4.771263591163538,7,0,28.62606102007429,27.03452007633451,0
57.73886295318247,1.844047808133962,1,3,17.051926970647365,38.458965560733645,1
70.56223076606646,3.4780154600500275,5,0,19.418774711040594,31.655089070287424,0
73.71887529546635,2.52842805320142,5,0,26.73055394855895,31.09473192477215,0
82.88592514953258,5.2580155997230555,3,3,20.243259646876748,31.250232062493026,0
48.51413079355035,2.5877868542142823,0,5,14.294742898243664,50.425313014761805,2
44.14176402199645,1.1555823804833376,0,7,15.08869379020005,66.90096674905946,2
63.287740152936465,3.5447977405807816,5,0,18.542742609497708,40.01727460793475,0
36.06282740678158,0.8355560019349537,1,6,13.285790359028194,45.387153064465465,2
65.41765308603954,4.163046343633431,0,3,18.72727636881651,27.798567224778438,1
103.10899065514118,4.747724840506873,5,1,24.358023678383958,30.491879236160376,0
81.42814254913809,5.431599646062143,0,1,15.056460643268313,22.28801836849337,0
29.95925088266462,0.892888528433674,4,4,13.792121349268939,20.44659101061425,2
73.97072723163038,3.9720462384051727,9,1,20.454761377154735,38.00312376481371,0
99.0426051951566,3.9908440712140574,8,0,21.025227032516565,22.44643108350061,0
58.06425912999053,2.968326109121461,1,4,17.415183221827522,55.87354341462387,1
70.73291528087896,1.8199248584296197,2,4,18.182516704247107,63.257349601439195,2
85.5557707066131,3.8188573192130835,11,1,22.87063215269308,27.15993040438093,0
46.609950593910526,1.573645683740048,1,8,11.354422092190042,57.20264069662947,2
60.11115265809794,2.5554347670254547,4,5,16.51380774541899,47.27685722263733,1
70.31196852820818,2.9761576386470177,4,1,19.55999599040419,20.77994866516072,0
76.24207893037564,3.978404071052275,4,1,24.048344876022668,24.04951270455154,0
54.38394926175832,0.7480827954037487,0,1,15.048065845461009,77.19620504102086,2
64.76502855068068,3.5073196908237394,6,0,25.52172281554402,40.04628527869594,0
44.27429211347298,3.6484895289047445,1,1,13.016971212580804,54.17941403287351,1
91.99135657787126,5.048753376885552,1,1,22.777432630945516,12.654612156606568,0
36.09815931274689,2.268919705503877,0,6,11.858115645241778,36.252645784479995,2
59.90485781904005,2.6544607101961355,1,2,18.647539295532344,41.16172493921734,1
62.052329837534714,2.9593308394245232,2,0,13.720873172943445,60.95092879744428,1
41.297682070389655,1.636381150729965,1,3,13.052660821189287,56.4617154448463,2
94.50473151076693,3.5272055867339995,6,0,22.810848784989872,38.85780559041605,0
47.88868786329544,1.1536874686564054,0,9,13.2347121683425,66.4492749912283,2
59.1609609212443,3.251581858627236,3,3,16.304602638870637,54.935647188216144,1
57.99292310367828,1.2650864468307534,0,1,17.62936356426798,40.84869876126907,1
42.91993241077843,3.407309398505948,3,4,17.83510939940351,57.75066091489251,1
42.3314778231218,2.4076143046814567,0,7,13.231180865442859,32.01745597531378,2
63.038815691463824,2.32655073375015,2,7,13.97386516162901,71.87254451523023,2
62.96814515492946,2.125170297455295,0,3,17.18089079705389,35.78395112019655,1
78.1262716284668,3.732278103651287,3,0,21.203548795439403,22.479104565784215,0
57.97676672258538,3.2752124392516175,0,6,17.33989631692819,77.65865468233474,1
54.94349267909939,1.8086259164598388,1,3,18.627296480244567,60.76185563906092,1
44.841525384731995,1.5268551206853873,1,5,10.29674698543468,86.8858275451029,2
63.97750357936129,3.125108165435634,5,6,13.744487019187309,57.98414134416501,1
89.14242033044377,2.62379278464173,4,1,22.187806937148558,25.998747691723082,0
52.752679369100115,2.9864450834109717,1,1,16.05656380456577,22.8065024068778,1
49.71224570366241,1.0440099555783247,2,6,13.55122577453676,8.009616957967381,2
48.86425910939407,1.8062412867842483,0,2,14.800192199803496,70.83267645192184,2
64.9408795049749,3.149637347267213,2,6,16.033497661769402,54.73692253002952,1
59.198733822450286,3.8517394485172485,2,3,14.991702417298598,26.859470330868156,1
63.84873235835225,2.245854473337267,2,3,17.561710258469304,35.11998784587367,1
102.1831318015426,3.359387508478245,3,1,18.129814115230992,17.232935521364844,0
53.21505701282406,0.9095481919350458,2,5,15.788655738237942,53.79676067494286,2
52.143453669246966,2.378435091815648,1,3,18.730870989218843,40.227541497966804,1
52.032469419110704,2.388526002601729,3,3,13.625578274904012,37.748180809648694,1
58.61836185983193,3.1012624688173176,4,2,15.060929100077178,45.53306585298694,1
71.07920093547416,3.218911401200775,3,1,19.755878761084507,54.36933947148636,1
85.53325724070731,5.656036490762054,6,0,20.03500141922758,23.118550887425325,0
74.443889466483,3.9177039111891374,4,1,19.798909476677327,31.369948416401513,0
55.729032931191014,1.2017230464827326,2,9,17.014102090452813,68.7810800961213,2
80.40741954401831,2.961389392816432,9,1,21.911698875641907,28.856828144133924,0
77.62908907719341,5.11952369815423,6,2,25.79960033022641,25.79539944427064,0
45.62534968588636,3.5685273728723637,5,1,17.243054404750733,35.93199252335267,1
70.38998007365186,2.6027236747750244,3,2,17.627711079486645,61.69900021564153,1
56.24565369576623,1.6595653844564864,1,6,12.092639453992355,76.49984784156469,2
90.76166786187014,3.6094128754339128,6,0,20.98495473729495,23.009917425613715,0
70.22282997076431,3.167595327671031,8,0,18.479677280112114,38.57650115188646,0
77.0065813126835,2.2803902966469076,3,0,22.079306366797063,39.37354215081003,0
48.23370773741963,3.4196111250907313,3,2,16.16463850253443,59.62499354922461,1
65.55774794402366,2.931913763162989,2,3,19.495397299817743,64.5848266186304,1
54.28998129144172,2.7422346821173083,0,2,13.72543163011271,22.920219354041805,2
82.1458426813524,5.5091662720906704,3,1,21.886568640615007,44.03365287397119,0
47.19419000847256,1.7781719684444222,2,8,15.30881408278178,51.95829914317561,2
38.26640007621333,2.2345391864575133,0,6,15.719561973863032,60.57834406772321,2
53.58300059387082,2.1592857695415644,1,3,18.914306634725044,40.804879156124336,1
50.163885572022544,3.23287010186723,1,3,18.705268358803497,52.38085822095549,1
61.72407444225068,2.5612146772320488,3,3,12.653743375821199,33.14987849533564,1
51.139085149173134,2.1443879650546176,1,3,15.440966442099683,64.1288139309194,2
60.313545999536615,4.1053752796934635,5,1,21.86764799431494,34.98355561418676,0
58.5641033746083,1.897327713162142,2,0,16.25868943338373,42.74249581350646,1
65.89917763641571,2.9440603761669344,3,1,19.100523850557828,52.46963628358344,1
56.39402396963735,3.274930308370354,3,4,16.705851729864385,57.10418033048758,1
64.16894930861922,3.0470102906738603,3,4,14.597242052989724,46.52356780347237,1
55.20862427186302,2.5510858731265817,0,4,14.897121445399739,50.24240886373262,1
68.2993852761465,3.491640244448198,5,0,19.625140670199947,14.106780684335812,0
86.4628819278071,4.822609631217782,8,3,25.07576458714017,31.111784004900727,0
65.46801307596446,3.467409216822258,2,2,19.632019027543233,51.76026201599724,1
53.82028014661058,0.5440487291007354,1,7,12.216969701406912,56.87441702150645,2
42.924288565349855,1.66136132166111,0,3,16.376375312291334,53.02682296889711,2
66.44458523814203,2.9038233834293745,2,5,17.137023554383294,50.9600575313609,1
55.557369876600276,3.2659476571423074,2,0,17.985534991665165,57.535004722776925,1
83.3807252240453,4.566168598506616,6,1,19.449214807051405,19.902147595085708,0
60.27948801473052,3.2054943190044005,2,3,17.75278500029079,27.58748103992996,0
49.89823594853111,2.8325136920322693,0,2,16.12628235231047,45.523434686211836,1
78.42037357649,2.4451384113299413,2,1,15.976827847390519,51.005721568740164,1
55.328583496697064,2.737370249842704,0,6,16.1339826015574,75.7493120766776,1
99.28793547602668,2.869915328406616,6,2,26.0426103803739,28.60067891357559,0
79.88661830347327,4.981184799300049,5,2,22.87135798723096,32.294529222089565,0
64.1742258545051,3.8872643778889624,3,3,17.154306098306762,47.5935072544273,1
44.231988717796845,1.4661807655437096,1,6,12.973440165910354,82.44133532882877,2
73.6220231735854,2.937880943329787,4,2,15.396632175946927,50.61451867979596,1
45.36358065867181,2.0173479454108834,0,5,15.110103376947329,41.47085380373525,1
75.65372713382831,4.297922824491345,6,1,24.180686432981837,32.50248349789814,0
52.45537822954209,1.0456372247045085,0,4,14.287145660709854,89.41983176501745,2
84.49324175028121,1.700544603949337,6,0,20.44997102115271,29.866649395187515,0
48.28418986627607,1.744948455446933,1,6,18.13834452248885,43.35229355937126,1
59.103912197064574,2.2288465289760153,0,2,13.281064092915605,36.8163021454142,2
41.55329936257868,1.4488288504967852,0,4,13.10949281189721,85.19639025562222,2
51.23268705947969,1.422569343961496,1,6,14.228909432002393,26.824194646834613,2
61.329714918337636,3.479699552059993,0,4,18.30489675832481,50.08287644296636,1
51.61473887597242,1.87641993731037,0,6,13.67514676733898,31.454877278918598,2
43.43295147880907,1.4439398804106267,1,6,15.15697746116723,61.38180479500371,2
66.36929326877512,2.109454077665984,4,2,23.00987402725972,29.163421997826507,0
57.0963104821218,5.047448208344083,8,0,17.25330754470302,27.235564279023617,0
59.38739517446217,2.291596553045902,2,5,15.97331463013882,62.43244596886191,1
52.243425927480956,3.795674386929715,4,3,15.588257168293044,60.90257922339435,1
73.68485508965384,5.322409850208502,3,0,19.798630547462142,27.956304377665013,0
100.0044715231781,2.84237822130647,5,0,24.36691487190679,24.975092015383993,0
80.67718364335529,4.396187771478046,4,0,23.536627095188475,42.38332219708033,0
72.54750281611115,5.315911847971777,7,0,19.48333660947817,12.206651259655303,0
57.036046666382475,2.7260663304630808,2,5,18.368446040796197,42.464712234645745,1
44.43468767200075,1.751620866010734,2,6,13.005619551897905,52.42532563615168,2
53.63592109562542,2.1387310619041338,4,4,12.369034574447085,66.66567629859169,1
47.652072755650984,2.615553531787162,2,5,14.868005084478883,65.99049713446571,2
75.61141132457932,5.046227048091074,6,1,19.900527679035605,30.531013880154212,0
66.69110795754432,3.4426614169262595,1,2,17.49287674923256,45.3307470564056,1
62.90343884107368,4.153762410069059,4,0,23.080778050751643,29.30708222727612,0
68.40802762755352,1.2665274718560313,1,5,12.354182722798175,37.01302214290746,1
49.911487907588935,3.064307289091394,1,2,17.049476614871946,58.27827506968191,1
39.69520107820393,1.0693659023539632,0,2,14.78922847983492,74.4178436735019,2
51.00159779169726,1.0758147019174542,1,1,17.704652339269195,47.509176435139025,2
59.512136070650506,2.417208557310013,0,4,18.994817538348848,43.59853608299192,1
85.13846645381767,2.935647610577345,5,0,22.933424556956254,18.2823601102156,0
61.472668364074856,3.224011054387632,2,0,18.262006753097822,55.93349212456711,1
50.90554738728131,1.0093286371818029,1,6,14.514546865233788,84.79033085691148,2
56.50469753075436,1.6034494966961126,1,5,13.835431374637965,46.282435493595074,2
62.791148700803454,1.493102346696052,0,8,13.981712730564453,38.94023860931812,2
47.5439331888197,1.8918167717994598,0,6,14.238032062891543,81.97677021792872,2
63.700458152138566,4.351499690957963,1,2,15.805430061398221,30.91707193983136,1
49.74456121234226,2.419618075845343,2,4,13.519261901061519,15.37719302333501,2
61.34224198890048,2.1666376933636813,1,5,18.673596839869038,49.07334905190074,1
86.1971758012332,5.164615209611412,6,1,19.619596224082287,35.341163704154646,0
74.64829148167642,2.855355640222673,0,3,18.170608984673674,53.60658600962822,1
69.54436018264242,2.249544550172888,0,1,17.176032233756157,47.23709447933968,1
50.183520887181274,2.450506837560337,0,2,16.86879623314697,63.52993311780041,1
81.71167621935926,3.095306223465613,3,1,24.43527616630518,10.968518552442646,0
67.0654262855144,4.833629172400192,2,1,23.168279954232766,26.280673628909035,0
55.10251450270083,2.011158288333278,1,4,13.329709698999153,51.82317443739436,2
77.53263443020593,7.020472531051258,10,1,20.059860231774447,20.943223236238133,0
99.51696565019637,3.8278573242583374,3,0,22.153359130981684,26.243673570043892,0
64.76219824545686,1.7238121263592288,3,2,11.917302451985437,36.34431665358038,2
99.23023245513617,3.726480237583612,3,2,22.480529514190653,11.753238303802597,0
55.781119858243486,1.9465184802242583,3,4,16.631953349386475,33.68333104177871,1
55.29331449377235,2.991222157197709,1,3,16.632637713572525,44.97372426424006,1
46.486483099404865,1.2445551942399329,1,5,13.741033520117572,76.01910310423025,2
50.980534143256335,1.9222632937635056,2,2,17.355101203140368,61.33459776551496,1
61.290787358264105,1.923166345864434,0,2,17.42260331071611,52.084752426769086,1
58.852505019937695,1.6468305578361018,0,5,14.570392820611332,46.43869359743855,2
45.19917091154977,0.9239689330821446,0,7,11.587584619785648,40.101582007500866,2
60.83010289847474,3.306770101758428,8,0,21.529467842587945,32.1359081385788,0
47.32799708175687,2.4120890066983995,4,3,14.680508986984547,44.91113846010267,1
87.83691073422808,4.709472132244732,2,1,19.226701166224153,11.626581877970658,0
66.21552320395668,3.5573942790685127,0,2,16.394635036447884,58.53441654022754,1
69.00247136025277,4.694010544857626,9,1,21.277180403546296,36.415177003642945,0
62.87086102502934,3.5602266359163606,1,4,19.98090118226471,39.41002287825663,1
91.90356795182574,5.904901169846866,2,2,23.705347872016638,12.495827292238626,0
58.71410530043872,2.1746919465027714,3,3,15.163642732033201,69.33569302263956,2
54.290858522497516,2.621574799043064,2,2,16.087041253558787,36.972908615660266,1
75.05099211661255,3.5713898157234087,6,1,19.663942685180317,31.758737417100292,0
80.87906909601124,4.244569549271342,3,1,22.661952023486297,21.461960953939375,0
51.266862281928304,1.0788536535809055,0,5,13.81559775394746,55.57729336362282,2
63.428319145094335,3.049275353016071,1,1,15.883687113627177,38.76302220308905,1
80.23499838078308,4.224188663617517,4,0,22.009039829146605,29.654412939163507,0
80.4162539395824,4.013697676173814,9,1,21.87850819826626,51.91932931373879,0
65.29288857946632,4.569947686611433,5,1,18.97586195189686,49.46718150570858,0
70.98321845233956,3.2810423923815764,0,3,15.903084790368432,22.472267760112274,1
86.22211179209428,5.51134595158814,2,1,17.558879538354574,33.86489989921102,0
48.204102057667214,1.9273560479121628,3,14,14.361294708634514,28.383744754623738,2
55.25826790287659,2.620411978238787,2,4,17.324086007412717,60.184730791777554,1
57.26724184458377,2.898741837328113,1,4,16.81228713879438,46.2383574091099,1
45.53477128776451,3.3450540874698382,1,4,19.168996230179822,36.905243332544686,1
81.60873923814944,2.6039891637248487,9,0,21.667364695774673,16.57688264891184,0
79.17125097633858,1.8525050514694854,1,1,25.214150266586547,7.6008844051240985,0
76.27214477583738,3.081764015256591,0,5,16.456795573865303,6.174273627438367,1
52.7656593091507,1.6220770183086235,1,2,15.256599258566615,34.64584310831428,2
80.47787943919329,3.5022332952109694,4,3,25.026631323651763,11.007868584558178,0
51.40023836903016,1.5220780147255868,2,4,13.346286202434612,49.24607891308029,2
62.9342043401595,1.6185524075061895,0,4,13.35697742900183,66.14333328612477,2
42.217150512351104,2.836648522060602,0,2,16.06055741766861,50.93374252427688,1
78.61353517546182,3.071090176340681,2,1,19.419485683467,6.862593073534427,0
68.72576979983008,5.28210970298794,5,2,19.300062011548587,16.275783750670502,0
64.04774112212078,3.172134240430432,0,2,18.675827653862054,67.93713758380233,1
80.74095771479791,3.7257818822190703,8,0,24.795333541981655,35.16467430419539,0
42.9789033896363,1.0269439794039976,0,4,13.703963628459192,44.33145793407522,2
50.28196596998325,0.8168742193356957,1,3,15.179707549405643,90.06429096424733,2
59.28918169298301,2.062823156583419,1,5,15.372196199742913,67.83484719834497,2
75.09027105173689,3.110346423482731,4,1,15.185775958164758,39.852152618877355,0
54.718973609672574,2.0437698040966037,2,2,16.616208504492477,44.25020224975379,1
53.48090143404594,0.26972436950792034,0,9,13.783646995371644,60.61663679638891,2
77.01642862105525,4.527635741131156,4,1,23.528344957340707,19.18220992639434,0
55.21880794573593,2.570292415644986,2,4,17.394966170882487,41.27285376705241,1
59.79339637743712,1.931920645120182,1,5,15.470456173617276,100.58453363295375,2
77.12957573795997,3.89581451100687,5,2,20.996208063092787,19.325664584789973,0
63.35434240598475,2.4856095410785572,7,1,18.756237680116918,29.320454792432926,0
49.254844355620705,1.5063795379056815,2,5,13.748130103625524,83.42541799716393,2
99.9215437310941,3.290111689796008,6,3,21.749832230867636,35.9285552896001,0
51.04265590257352,2.424967155856214,3,1,17.414377163452087,48.62551623558969,1
51.81603692164579,1.6333158932835543,1,6,15.557473619196875,33.84489806908384,2
68.64900686738528,4.119127034202164,3,0,31.024453010955146,35.41480043268688,0
67.32335414992875,3.1487289944485037,2,0,16.212363336780772,33.234378152305005,1
61.728763792650035,1.2923055232358218,2,3,18.216865947820704,41.93368045728431,1
50.95252737540637,1.4034675389530362,0,2,14.20691655984668,64.2224615319609,2
92.71824870774256,3.255894871945223,8,1,18.21416115409101,26.8870765930681,0
77.32744286594455,4.9304049219106245,5,1,23.871389932259216,0.14357176099138513,0
46.8879429225941,1.7540061388626431,0,9,15.00566668085119,53.583053941233594,2
50.52326934519643,1.2256646288972148,1,4,11.738071898053654,53.666843733373234,2
54.91216568686623,2.034297826509918,1,7,13.256428581422197,85.21587831023174,2
50.025653861359054,2.7187989280435563,1,6,18.341963799058966,23.566606820484818,1
64.73776653388974,3.0117178440332957,3,1,15.32134857449293,50.02339009354111,1
44.170089703900494,1.3196404984797365,1,1,13.35573565743149,40.249524550993996,2
86.3976975464566,4.951221928151838,5,0,23.582990013410836,40.4860246301411,0
85.30131836025114,3.527253937069934,7,3,22.925250188527695,16.41282292310042,0
79.74618493077315,4.679587214206228,5,1,21.07920222944214,58.13428301051901,0
63.302145095513765,2.127347255598833,1,7,15.201935350449931,68.0445397351111,2
49.57621519564875,1.2375781059935511,1,5,10.93539617850293,76.05126899030984,2
58.3229237858999,2.234388311900923,2,7,12.410126037399726,91.52022073420345,2
37.67860627550608,1.4737744270761455,1,12,13.981764682053907,39.446824653467225,2
77.14724814857719,5.113844303636631,4,0,23.87923087263372,49.8518886085553,0
64.68863075711506,3.9309198655363025,4,2,22.27381011494052,40.51650705664621,0
59.822163975443694,1.252867651079007,6,5,17.570858373577355,70.86299607125582,1
61.99571327669756,1.930588395867149,2,2,16.402697903375955,34.07357572894115,1
38.487960856389535,1.6948792541155648,0,6,11.542212069793889,58.54727766506733,2
66.03832386133413,3.8598821555212814,1,0,21.62421189846713,21.05305208867455,0
78.81234647331989,3.7237972462827784,4,3,23.035911207990473,30.938120455647976,0
82.46633526787969,2.59029038645709,7,0,22.735559003744626,24.471957610576574,0
85.16635418580371,3.0896515262178577,5,1,25.04661101790011,18.813444219285707,0
59.43213767807684,1.375775717947101,1,4,15.853249168229414,34.0356177304711,1
48.328323474483064,0.9858106768446484,1,5,16.194996210991455,46.45199784897366,2
86.4130664755276,5.670527787471087,6,2,22.163258287958868,6.403449169490273,0
73.30222531885669,5.227447325809082,5,0,23.112137627684916,27.909028300244422,0
73.54940756325347,0.8083727622765287,0,2,18.68464971408876,46.902375641158216,1
58.75110386114563,2.77863912963339,2,8,20.52700306919127,45.06407821469036,1
95.44913007172099,4.450403119360483,5,2,20.532058874717727,37.41445822231907,0
79.00042141407836,3.2163743327333565,6,0,21.8216673330696,40.48192034929096,0
33.57156241787152,1.8843728080287874,0,5,15.622074911161567,47.309025772040755,2
54.512612430611014,2.9009526039215947,1,4,12.23459961522389,72.00270904137136,2
53.380030922142886,1.4670654969933512,0,8,14.147400420378222,29.53796034504435,2
50.946931570522004,0.5725245667805381,1,10,14.824871609296872,46.640965340671485,2
46.9422925394856,3.720481778188205,6,2,17.373454883189652,45.807696595343785,1
56.437212028799436,2.0940293777688375,3,2,19.61707116350282,69.94066328893275,1
53.31324346828598,0.9443940020896041,2,5,14.436137013533243,74.06278624953733,2
68.20401826348474,5.032730821377158,6,2,19.859752828306164,45.73443407389135,0
58.53884701551086,2.3649002358594946,0,5,15.87018971933692,47.22871458232835,2
87.68989017079329,3.7038076176448413,3,4,24.620871774990537,34.70887464643485,0
45.78774079602606,1.633511670175035,0,2,10.386618436422268,63.77269644305006,2
88.53834100011723,5.468239742322234,5,3,20.535657844626975,25.82819341931164,0
74.75522932728512,2.0998770226508463,2,4,20.648223899913496,25.36763084887272,0
63.25208233853225,3.2223638130641628,1,5,18.01368373291759,51.153205334352876,1
72.93732774790517,4.7798480284012035,5,4,24.66175358593595,40.115574270333326,0
46.60753138496622,1.3879108730933596,0,5,11.006042990279346,75.05563949766044,2
61.36626626883142,1.4333810299561396,1,1,15.472536779420292,54.97259937910006,2
68.68380932694315,3.5268832914633514,1,5,14.562038476044243,25.15009301516947,1
53.647507770963024,1.720955206988666,1,4,15.495256220998066,74.78719036451909,2
59.43594253054437,2.1629194401906586,3,5,13.356286253477421,47.852560392020926,1
83.76968707442852,4.783819941165718,4,1,25.758437091235248,21.002071751152133,0
47.888277200898294,2.354205226445845,2,6,12.36398651842442,38.5648208750745,2
66.55478469007741,2.2395645011777305,1,3,20.39046819230676,26.56547173537406,1
67.28375140862933,4.0823915103903445,3,3,22.825741019133858,37.3409270666821,0
67.6680269584683,3.1051047442455086,4,1,20.879609083143443,33.13724771744963,0
56.23444891874115,0.8613385949158215,1,4,14.144485327725299,84.83419914865271,2
50.33433914361464,3.1912727793818974,3,1,18.326155940157065,41.11873992716031,1
52.24911747686877,2.2356006202760335,0,6,12.59582195777061,27.33858064533824,2
46.63600843827597,2.0011525835511277,8,0,18.04854732997846,44.885840137264175,1
81.46564265979099,4.513956049685374,5,0,25.300763985733084,33.93545506906642,0
84.85493549717941,3.337406847486073,6,2,23.709476978615328,40.4956407453335,0
58.71611143961955,1.7342287495825273,0,9,14.274122782332281,42.29206577317035,2
69.6412589230007,2.1248600869677143,3,3,16.384969939849743,51.62043678293717,1
58.9621497229508,2.3086935494516774,0,4,17.301040349906923,56.269241043358825,1
43.53989444971014,1.5916778269094243,1,8,14.627627621298597,77.16673988883723,2
45.118950548621626,1.539799671191508,2,1,13.832013985936026,32.65185700811582,2
53.74239092624922,1.0824454105510883,1,5,12.60572820629904,60.20573934963716,2
49.494955874149085,1.1770063898373986,1,7,13.32920353758708,28.99573492962848,2
90.97317009646201,3.9590063730026848,7,1,23.69603673055016,29.06795675319257,0
40.43040069916229,1.7549734483518602,0,3,14.80103071309722,104.51854427077885,2
39.616671995365095,1.476358227461952,1,6,13.641868509119524,62.80502086941868,2
68.53430608528444,1.7809354350534845,0,4,15.147845727915527,35.34971186199644,1
45.541891263497725,1.5418991283773908,0,12,11.022782012367362,56.124049766064445,2
63.54854867934489,1.1901494532504862,0,6,15.21433248520972,54.94182001033372,2
45.2129074462984,3.8993652598837394,1,3,17.89881618016933,20.447369232767777,1
51.698869447750695,1.8280758360139246,1,4,12.527446766152423,28.04657440960995,2
80.96647312320697,4.249211587394671,8,1,18.70657492272826,63.75126992060588,0
52.05797065991875,1.4244572927193448,1,5,15.194548542355625,62.74479392961083,2
74.39149086988544,4.805943396715867,4,3,23.48847886672932,26.146192303353665,0
54.16721067798496,1.7532258336993711,1,4,13.818369727055682,54.504126771908155,2
45.092476181563306,0.6814786465777122,0,7,12.090689107362133,69.86994258001987,2
50.4931336274084,1.4763742713746735,0,5,12.298024100344,32.947943418835145,2
83.79838881396213,5.5886271491054975,6,1,24.037412853443417,30.852608212873054,0
61.84534267797973,3.8675323654341516,3,0,19.60854762760248,29.3732350164676,0
63.21915406133805,1.4505554486535048,1,3,12.580254604745052,54.50816669754018,2
83.44309654026841,4.157499837056868,6,0,21.258740129435562,37.940144842607,0
47.10304283099888,2.2708989796046346,2,2,19.191199812837265,72.49422679333674,1
44.65062755101928,3.1894672430988478,3,4,14.975367642429434,63.43674463141227,1
55.35070857622981,1.0467769037431998,0,4,13.97266156228388,50.13542189231717,2
62.7278393223237,2.866883655833139,6,3,15.685616209436049,35.91728446384288,1
42.41070291065285,1.818928760130091,1,12,13.556112855242196,93.40375526688736,2
50.343335219518174,0.8157134747348092,1,2,15.534489121767272,56.0045364228036,2
83.26845419829058,3.364206091673526,3,0,21.599475809753613,24.178176878081317,0
81.8152940263723,4.223967484101468,1,1,14.149671336755397,41.42326523574643,0
86.2936198723849,4.9770600128973665,6,1,18.31142803396897,42.608665880636785,0
62.213314261211956,0.9774368806958764,0,5,16.054671451068817,41.50475636986519,1
55.99817546063471,1.3804864923225575,1,4,14.011960892154448,61.48455381803604,2
74.30945139770446,3.711506513046821,2,0,20.0204834351555,30.28558685685258,0
57.045902392752886,2.8952255464420933,2,5,17.985665510919887,38.587908304406795,1
60.61588615661393,2.4745427801249607,1,3,13.382805912424297,57.235680232205944,2
54.54301322626322,2.0788605549694257,1,5,14.9784548476429,27.714929650247974,2
91.75670018436134,3.5640313471463743,5,0,21.54354341863323,36.75605077619168,0
46.88890625877706,2.5005349603561373,0,5,16.151890633191982,52.31624959042589,2
75.07047199798834,2.295719410081346,6,0,21.434041534786797,15.679145835064885,0
66.12192322744875,2.069603499929959,1,8,18.020076699477713,20.729029956201657,1
61.9598044861901,1.731696851841465,0,4,16.316690816689597,49.93167547609418,1
74.78869716529505,4.652206688070665,3,1,22.070352501229742,24.94672760276935,0
67.7679621080368,4.301673661695391,3,0,16.804350593455247,35.837815527361364,0
56.76725293408695,2.2938376435065178,2,4,13.644811006445664,92.14936102859676,2
56.59284158865706,2.5544506042202504,2,3,14.898852487320871,27.46228681685477,1
46.65596299026108,3.357503323032055,3,2,17.89476515304304,50.94847080179718,1
55.92835160857049,1.0025718625943094,1,7,12.810209675040667,89.25795232913222,2
45.925694810681705,1.1571941236205001,0,4,16.27265273044226,14.805617373560949,2
88.63928274563894,3.3788420886674,0,0,22.51483683935052,23.690340656903903,0
70.0860185668547,3.6281068888416383,3,4,15.629186868244838,28.383998431034666,1
69.28298345379986,3.8205722495035737,3,1,18.938048353809766,4.067206498033183,0
69.15728155047906,2.1407197512332834,0,0,20.35302328244349,45.38792000992568,1
95.93260041074701,3.528418495296739,4,0,19.77157963959843,38.9942869810976,0
53.62133972402221,0.832157382294668,0,5,15.613670095984443,36.22304466200636,2
64.64543053685524,1.642167058216659,2,3,13.768585620795843,51.92973262711811,1
49.295475729086796,0.8990467298581092,1,6,13.779445011803908,44.4898115132343,2
60.149518060391635,3.496268876307409,5,1,19.774601174086246,42.66121769669883,1
61.85808992529522,1.92665832710384,0,9,14.261805330562716,81.93647710102161,2
57.871443691851454,3.3023534357329853,1,6,16.28435187057142,55.23664807777686,1
82.88988678988375,4.0537157114035764,9,2,20.976447602831783,28.187541882183847,0
89.92476003133794,4.210651346256713,7,0,18.088929124999524,25.840972552513595,0
46.607059061315816,1.2465912143452589,2,5,13.828483788325341,87.04729488184938,2
49.05891096018755,1.2939897793520223,1,6,14.397335155649644,86.09983980400983,2
33.827865515751824,1.1848316639921133,1,6,13.934696163462831,85.50260897337053,2
63.05094175434202,1.6656838228571211,3,2,17.45758340179759,72.0107253159262,1
57.63412794763021,2.195718375491605,2,2,17.87044529715586,32.791490058869314,1
56.083082941001464,4.261207868054646,2,4,17.544620213947365,18.432501675654,1
83.09431114470111,3.610299719388494,3,2,22.368529340758165,26.760826480945337,0
72.16957126432423,2.645302989055385,2,2,17.141541347231342,24.36386815215031,0
68.26292030242126,5.469361582780188,5,1,24.670608034055036,26.57811154732351,0
44.12650256732286,1.745333144962553,1,6,14.08009362526851,52.6560200041592,2
60.87114973784679,2.6937032979973883,2,1,15.128848926099273,63.619834575319686,1
73.83879998454135,4.638410165713182,5,1,29.17452421802215,23.605691962160176,0
58.04794805672576,0.9812458273909019,0,6,13.871967107103501,37.10894618739511,2
90.28048598933772,3.084780055892187,5,2,14.808204062832234,31.907728414849586,0
64.9166536501768,2.7191723844703732,1,4,15.754307166465955,25.861187008289807,1
94.49197107938859,5.649316462960352,5,1,18.029400356650132,44.97554034560376,0
62.46965917538819,4.5871611790285405,4,1,20.504951762330762,33.30432010499568,0
47.64097911692636,2.002071219384444,6,3,18.613433425894726,42.63630687065414,1
75.96843585775987,2.3744190911206076,2,0,17.836713725582058,43.271939417438645,0
89.46924818703853,3.056476303792569,3,1,22.67425146080736,18.61178771316451,0
70.70047099978882,1.7263981838156202,6,0,25.169360783303354,21.996124773299737,0
53.44688999361567,2.538833149638797,2,3,16.03584797631942,56.309726844221856,1
101.87636380110192,1.3764048888630356,2,0,21.443225525895937,8.066384143059896,0
49.85845584261371,1.6554260489509596,0,0,20.044583290404958,34.34472051389822,1
56.299940918949716,1.801964118733073,0,5,13.493243857424421,44.188273101565905,2
44.15770026981223,1.27646618924943,2,4,12.002018149570157,77.44460170778852,2
42.5406727977946,1.3184586729442065,2,3,14.146035279827284,69.16716819275771,2
39.21672555872115,1.3819830558429027,2,4,15.055597922244354,63.71472240031341,2
43.085908645884956,0.24674354104499785,0,6,14.298369284758389,56.89084619103739,2
68.53713741669554,2.338357997559048,8,2,20.977397838482485,20.592197818288785,0
70.1349270973306,1.6633047959846876,4,5,14.434197116528846,14.978690913419452,1
48.70825820366672,1.6610462596847109,2,1,18.869596061389252,41.49704086227892,1
65.76654262806053,1.68382440058262,1,9,12.49357673867378,73.2782159933865,2
61.27067107689652,1.5195644448714893,0,4,16.31207898504533,78.1562869200945,2
57.87627318310852,2.2251436539505285,1,4,16.00479861478859,52.03914631140992,2
65.76236983881161,1.216186551552517,1,4,13.087991577990142,52.893762526031864,2
80.09876338542969,2.3951586435334535,3,1,21.05373824207633,26.055982804400614,0
72.73362204007802,3.0637911435712897,5,3,17.791115642496028,0.1635575431638685,1
49.13207520539378,1.4898128419678585,0,5,12.696292786804163,74.95561946712026,2
71.64520150243933,1.5969167273120577,2,7,12.968025545133811,41.39956102899865,2
52.77100908943327,1.817345550036184,0,3,13.406788634150239,73.65073916393779,2
47.91250918478302,1.6587892341470127,0,2,17.369629693362466,33.30923460975512,2
49.217711128561746,3.0105464516661384,0,4,16.548799122395142,36.34695457271083,1
58.7306045922809,2.3553686949189876,0,7,13.776009882419524,63.25267582281627,2
56.50142669104345,0.9728863269225789,1,2,15.296941898957279,41.76165840804278,2
49.92365157020707,3.243375103414219,1,2,17.285994649289524,66.17420187479387,1
45.33637461531827,1.4802083573538876,1,4,13.466843985511597,60.34113379908054,2
61.28451216672413,3.3595184261889255,3,4,16.599239128135906,20.04172763493147,1
84.3379508002425,5.0652811283545685,8,0,22.79985339665663,38.51135828016467,0
56.58292217930395,1.469489106275776,1,4,13.153877487409293,84.29207195643095,2
53.407934015694174,1.4593001765235143,5,8,20.17211115090005,52.687936838865,1
59.72217463020039,1.2289909714093976,1,4,16.260826393553927,59.15794698681268,1
79.61799901613071,3.6574784880905384,10,1,18.81862501309067,24.116429537906022,0
55.44030709569787,1.4386321749040663,1,4,13.153099532021434,35.198788490603775,2
90.68621037324021,3.4392999335353047,3,2,23.881396525152372,22.58706447425778,0
51.52369243233144,2.2833431037986096,1,5,13.52503397084844,93.65657807163959,2
60.547382258466506,1.9063887488939193,1,2,14.698156885626265,47.97101845333764,1
50.25162680990317,2.591608470235177,1,2,12.157556233962168,99.46449899467424,2
45.93646061403823,2.1428756149836468,3,4,19.007088376320215,34.10101482478111,1
37.379831343055315,0.530980185957676,0,9,11.488819953778064,80.47679231265649,2
61.52249483232845,1.4906186834257764,0,4,14.50366158880678,77.37715731848778,2
69.92895258186384,3.9600788280192742,3,0,22.00958310543776,43.27013920371671,0
43.775450149368744,0.9052115226660022,1,5,15.544803927379856,56.706516266861286,2
39.96660178248734,0.40704374601283555,2,4,13.24866890092502,101.75656887594758,2
94.79721273717048,3.99474697353417,8,1,25.053398599762797,25.271216548206517,0
54.222161605292804,3.0223314346733208,2,2,17.012361070716512,53.857698504293666,1
65.58451358767752,2.4606856656868548,4,2,17.114848148403343,29.926258093351795,1
60.82924557445508,2.0910418270360864,2,9,14.97604309047641,53.991719703174184,2
49.76886919500855,1.3162847632169639,1,4,12.637028750584863,78.89944439083938,2
70.3739992734207,1.8570510773490585,1,3,16.080582763072446,45.779363981493994,1
78.24057497015639,3.4843642991155153,10,0,21.54150544446761,32.640671769613625,0
50.82106950044014,1.2322008388238765,0,4,16.96231603351419,76.6210886435519,2
53.30735887824397,2.4364093542668726,5,2,14.967069428720292,38.726836172333954,1
58.975558673176934,1.362642663545321,0,6,17.91319373200594,45.958024295182206,1
73.35665837788034,4.206272046101862,6,1,23.361272227400008,25.87624780427768,0
59.075380650318365,2.3750218235896643,3,3,17.913929494304266,59.837349790192405,1
44.672512270380864,1.4575729627073577,2,5,17.88389778233745,38.71822332997469,1
81.81785254159469,4.278932297380175,7,2,23.67278355183353,20.41502081673309,0
61.78767380090675,1.7429407993152644,0,4,15.71714001546297,72.55101479756996,2
40.60542724950064,1.39450716396641,1,3,16.19883653872132,74.46839644436933,2
65.52114572445724,2.000049222604501,0,2,16.924700312289204,44.07467344593911,1
54.64019298744189,2.012565349685161,4,1,18.17048083802756,47.03537310242898,1
65.10619452796284,2.0028124595770116,3,3,20.01413623132843,71.80898434923088,1
70.30093178448053,2.7850696693255843,0,1,15.072518756722744,26.323203823379053,1
46.88730167707983,1.1300054993645225,1,3,13.605099871941325,70.36103723588315,2
35.23689577484102,1.1276083009693334,0,8,15.296740482923422,59.0156520308021,2
54.83377413409984,0.37377153941222074,1,3,14.539075085664258,38.68378359264774,2
63.33002741946712,3.0028635730301954,3,4,17.06340928851434,23.571691407286178,1
55.26199615602737,1.6158721277247399,0,4,15.89120546064771,80.97698242956632,2
44.89090204136272,1.452236064353874,1,5,15.4899968641179,64.07423737856392,2
49.41632137868506,2.378139123379078,3,0,15.550677278436332,64.49052668770977,1
47.97755068508074,1.1906228105241574,0,3,12.489103952052012,27.170031167922417,2
57.3639886024454,2.802968393173761,2,1,14.022492154736241,62.36127391414922,1
55.57070903609406,1.9377282199205954,0,5,12.910613619589235,87.03797146942006,2
45.09161318793234,2.2360968497200253,0,1,17.152979441092324,13.971359146854244,1
52.85236131532024,0.5655863655889815,0,1,15.97138315465077,40.974157155239666,2
70.71288222085707,4.574390521118241,6,2,18.86671988256662,25.545275060642297,0
86.27850548950003,5.214021034829008,2,0,20.56396268380293,26.103871949349347,0
45.270636904146386,1.9168871927450457,0,5,12.334465199753348,76.53966029899638,2
89.42945317968076,3.5290004483255686,2,2,19.879984426248082,42.79723316294045,0
66.01729439839097,1.5699374803664758,2,3,19.3471565840928,47.47290975917816,1
79.3448378677306,3.5496563131678025,2,0,27.21680280215563,30.99064355949912,0
58.207351533898176,2.0996232544695306,3,1,16.376274987192584,43.72559321148472,1
84.34515614475986,5.020481248536516,4,0,22.255974371683276,19.2251702917141,0
71.21676169579425,2.8064448698183053,0,3,16.320747770469254,38.330136934575286,1
61.16034818840649,1.2148982217678115,2,9,12.33715226125981,55.864141232970944,2
47.138166934235365,0.8772765634252734,1,5,13.742554228770116,56.31507010393665,2
45.478870018097226,1.8634914624977046,0,4,16.35376173722742,85.09046573453077,2
46.54579402901179,0.74829456206539,0,3,16.81245642367261,48.2002102560079,2
53.45317846930624,1.7092129636029596,0,7,12.166764768562686,28.348240214367255,2
76.83943313870064,2.946992509395554,11,0,25.271523134818466,28.315966391914586,0
68.06816544096112,3.381295252586167,2,3,17.360328718916552,41.35264996459367,1
85.31667406098593,4.57717344128033,7,4,21.63484102491573,19.97666969846601,0
42.56608336123619,1.116524363371541,0,1,12.939545106513414,84.10545221292476,2
49.36985755680243,2.5455974011208036,4,2,16.602082980053204,63.88042091288284,1
44.20358307685497,1.8675665270848587,0,2,12.46620718784407,69.98992421524869,2
54.27844965558909,2.561623796785924,0,2,18.433780454715993,36.60537589210073,1
53.0652539442674,2.758791172646613,0,4,21.507870892215468,42.07210959864428,1
47.5923470708468,1.4168169120606642,0,7,15.417793555830933,33.61636982973215,2
74.14508809796233,4.221843075048357,6,0,26.090126692691907,26.19041602753295,0
56.91310069126939,2.050887778555313,3,1,13.57599190822146,62.20431345172609,1
63.1302318580652,0.8842030964113954,0,4,13.454717343929332,87.92735106178806,2
71.87478941704656,3.100541628382822,1,1,15.976599770847475,37.26445731228168,1
51.79680670027445,2.1240459409843484,1,4,13.180460057518525,96.60452352544411,2
44.92184218551211,2.5600578004517844,1,3,14.495920842024574,57.882364029188544,2
94.82902513506934,3.043460640740806,3,1,15.86010972677739,50.40678194205141,0
83.87841334472287,5.093143676450356,11,1,18.65117220446372,30.83940050505095,0
66.43240660267392,1.5225725845770086,0,6,15.496558315567613,59.591262240249,2
61.31877405715102,2.9895370216733848,1,1,17.89549270252052,21.861833823558854,1
44.84782971920553,1.4171439576883285,1,5,14.438960331360065,27.207061772938317,2
45.62080936326021,4.175252545853682,2,1,16.88732986984682,35.49098394113318,1
37.71471783502568,0.48674852672949975,0,5,13.524608337057826,20.338387057184406,2
55.71322115433363,2.1632617163632726,2,2,17.403589350423314,73.18760094571303,1
60.3413951680846,1.3638306765004529,1,3,12.665506290797373,70.49373543830373,2
43.0043829049376,1.0319429723290745,1,7,13.776179026692832,85.47659203503301,2
66.16631823874665,4.467486845844053,3,2,22.776379890737243,32.34745778738318,0
45.05397513969153,1.9085377755935242,1,5,12.373142547773032,69.55220040811373,2
47.28892699499279,1.6210827145634013,4,2,13.9378185526675,61.494050818236126,2
48.054785914089024,2.3335180437272505,0,3,18.85168053769063,40.862927358228546,1
63.63277911660189,3.4721668948450195,0,2,13.644258353702847,15.907279185442338,1
59.254582330317966,4.399203334453376,5,4,17.12892573174793,35.707413376948104,1
71.65525158345417,2.6432656056712247,3,3,25.877716441466738,26.082290469135717,0
75.26111506761879,2.206227071289703,6,1,16.049049499254693,37.913535525788745,0
53.793543093885184,2.240366642039575,1,6,13.677988467682688,84.93191262509197,2
54.60837166132613,2.098595590383492,2,5,12.879100804262139,64.41433286016982,2
86.9648929696782,2.4329371997570766,9,3,24.732033905023552,24.48350131122976,0
82.17205896235804,3.5439519158608768,4,1,20.85983153430286,38.10781551661496,0
64.30550161009145,3.6489423842520265,5,3,21.112649245104645,41.910312547720174,0
51.13124506980692,1.1036884182848206,3,2,14.048440346201374,64.2776933040356,2
69.30763320244729,3.2117497788819325,6,0,23.156545970917776,34.779241658776606,0
62.09484881258876,0.898526992780891,3,4,16.507067439849692,40.50285152443786,1
47.258705764370234,1.9995809122941426,1,4,12.410472469620837,82.942954820911,2
57.925280714412644,2.370488485862326,0,1,19.17495569333691,47.007355785496586,1
69.89525935746656,4.53946343221689,6,2,23.83967578390711,23.49467333249083,0
56.413778721610676,2.162844840949668,2,2,16.4166483447775,55.10997605390467,1
39.50200840539559,1.2669464342650845,2,5,14.386809829798564,48.147976638702836,2
47.66218958598604,2.9030878747049167,0,2,15.815836264315953,52.725005450739374,1
60.80096568637065,1.90112814544278,2,1,17.728237706747063,17.403766725125685,1
63.63866407038978,1.7545780256407721,2,1,16.319500322942314,58.51412316836503,1
105.29624217405353,2.3542202327644404,6,0,26.517072944482845,21.72855085716364,0
77.46906242372093,2.7908544466119243,6,1,23.12292203350933,36.55829395764288,0
58.516897587381564,1.4830465503439627,1,2,19.356910209515366,66.98661460589913,1
45.30440375416617,3.6419486507319014,0,1,15.17379705679769,63.95397611156944,1
67.14687811906153,4.031292823670573,8,1,19.56352282180888,32.14168323374476,0
45.77289016378023,1.2585812274681059,1,5,15.501116697192442,65.49387717350325,2
47.021619195604934,1.50754862880664,2,4,17.289698363680284,31.964014379483654,1
42.36193395931221,1.8233556186178825,3,3,12.278909308095914,65.23749396596276,2
57.593347754134086,1.2461395108472861,1,8,12.08721794701231,69.9161556781795,2
75.13672606731525,4.336432514306987,3,0,25.553484702055634,45.87998386767757,0
49.977091454986805,1.4389120469383967,2,4,12.984440664468423,69.7368542563771,2
79.55065115863528,4.258696494088589,9,1,25.587949267915594,48.65488276413316,0
80.19962293078916,5.538531440957164,4,1,20.07173782488484,35.852127624506124,0
76.32281184163945,5.438565728452945,7,0,21.043156172177444,18.515318642378475,0
51.907351608847755,2.0971084686503376,3,4,20.038967954571035,59.23804137748547,1
76.43553929616323,4.128044028050901,0,0,18.404038201282628,61.97663747385606,1
75.59603407259819,3.9223166709749546,4,0,25.014698161515135,46.81598726485973,0
50.37528154858506,1.2276222795098597,1,6,15.15842744617244,77.73232441493043,2
51.130254274983805,3.760217827461652,4,1,21.816832389714627,23.747179152919035,0
56.90284952624919,1.8260990095926801,1,3,12.238933796912768,73.75422346063792,2
83.30045307621737,3.69824839090463,6,1,17.590047919365787,24.402573721364515,0
59.4664942960166,1.387819167108725,1,3,15.09532756852482,62.73679142257115,2
56.80578238222596,1.5863925999716941,1,2,18.890058486729348,49.65288409361715,1
49.05173528363889,1.3756950741725056,1,5,16.961399851271562,59.970969538785425,2
48.99328968378667,1.0816347594346372,0,7,13.928599729527647,79.4997897626877,2
55.324746338690176,2.1324999650734195,0,4,12.794737224518542,80.40102517461372,2
84.87866076983059,3.9054539080336443,6,0,18.87334286957913,44.03722739174278,0
56.69159496597658,1.5018008043926525,2,4,14.342172917711716,26.48565723851216,2
99.32130829902594,3.7080696145282417,0,0,24.189454063315004,26.831323388468668,0
49.242221825774934,1.2540303729264035,1,6,13.900628160750964,36.81019684534284,2
63.10145102435154,2.1969272043024897,5,3,17.644782871962153,40.14249192270071,1
52.67529895547324,2.452411996242742,1,4,16.28719359550502,38.696899454814975,1
59.6957366432046,1.0963315805972962,1,4,14.534944855452197,48.24988904418345,2
50.05283798494588,1.5404558046987096,1,6,12.061848488098798,42.74886234988806,2
60.36448935705723,1.3297924422604979,0,6,11.967051812888792,59.47537514408855,2
89.27043704148495,3.9818340782982995,6,0,20.140075262281414,28.547678983256645,0
91.28443040724382,5.588060253006192,1,1,25.70635975027758,33.41404815519009,0
82.13445104661929,4.12663221986291,9,2,20.883977438596393,24.58958717402165,0
50.22392865024761,2.1587415623961785,4,2,18.281558637844157,70.38209628080054,1
40.84174182755799,2.5287466258652733,1,6,13.728491448656362,68.26553288419845,2
61.04490293299815,2.503147704006847,1,0,15.686534867173743,48.358348392434046,1
36.973674353001094,1.4936510424104004,0,6,15.86414158256638,64.87969215615148,2
69.71908139915935,3.6154858578362736,1,4,15.684277864031678,60.65882762019041,1
47.95057981752639,1.3938786490930084,2,6,15.021253426040602,25.90592034692468,2
53.387573285598116,1.1773994146550741,0,4,14.891762432413957,49.788718458042,2
83.00923605862944,4.525107242726497,5,1,25.597108888892798,17.459429102503595,0
62.77450866181522,2.7169408138927045,0,1,11.660778110112407,49.32416602416898,1
58.18665704481288,2.087343255231238,1,1,14.30750158731843,54.54231844042002,1
81.8765643013806,4.201117537555574,8,0,23.85108493293684,23.899533723368904,0
40.89839258150888,0.983483269074104,2,5,14.3026577632876,101.49077282590832,2
48.5933823014327,1.1209901616853046,0,4,14.573002272225445,102.05709953381916,2
56.353043562191125,2.792719132684891,0,4,14.589960638661593,26.67892908186003,1
88.46325175706787,3.546404980334521,2,1,19.604512200449275,33.815896751734975,0
83.00138844338447,2.5458291399948783,2,5,26.5668171820635,43.04589042707516,0
67.29471102473275,4.658032991559422,5,0,22.025199623583628,18.344612921410153,0
49.17497854990462,1.8560143348285052,0,5,14.112508211940153,20.004549960776437,2
48.646332966526515,3.3765793962192134,2,4,17.323576350014154,28.88076658548622,1
65.98387795533736,1.7704839340909353,2,3,19.066331347675163,21.807002739825013,1
49.46130387894682,2.364729426780336,6,4,18.688805386672055,34.30287354639847,1
50.02899921033835,3.5345214045369997,2,3,19.14742411829096,62.525102194200706,1
75.8123243198986,4.441971372755902,2,0,23.197764369632896,25.027083500660996,0
70.0836167055746,2.1707197510536,4,4,12.035444841936453,39.871455726105715,1
62.05868210206262,1.4685584022050098,1,5,14.361694868310066,81.56307593427378,2
66.46972683858506,2.9655876230457157,3,2,18.622355056577888,28.86729275769756,1
56.659199993594946,2.9304665296387897,1,1,17.14870784448667,40.31134583775046,1
44.74187985640186,1.188523102906745,0,7,12.656004905048405,21.644192639932868,2
79.27197273388973,4.453117917338642,8,1,21.222446408118937,30.65125009812925,0
95.62037625886971,4.329870358319159,4,1,24.397920558032915,31.453990442016682,0
69.31992014618591,5.014106021054014,4,0,20.09706329963105,31.371993405400467,0
52.07283400490442,2.9201388762333282,0,9,17.14969121903504,53.887965334994576,1
53.065300952402154,2.2765294644909684,3,4,17.898054925033232,16.684474846302443,1
76.01030250163525,2.2571588768058177,3,3,23.516534605698183,23.268658923824358,0
79.55077843718013,2.1266170727830755,3,1,20.826294099120663,17.36888072570941,0
51.70036085230568,2.083473678653935,0,3,16.056682863136356,90.19505398711452,2
51.64420712026207,1.5402817661548929,1,12,10.81736854795711,81.7843917605702,2
54.04570697809832,2.2933235248726165,2,0,14.840600590900065,45.66279398837989,1
63.31797124914097,1.867870073274981,1,3,15.712213912311876,28.769653775859755,2
59.585099642461415,2.364254299193507,4,4,17.748310811592027,32.612052291525366,1
55.26686700833228,1.6496742392876098,1,4,13.913973604445848,63.8150004286312,2
52.40066235724656,3.9667630815979695,2,5,16.31489233488063,38.779008571688834,1
54.578994606340615,1.4070401176477223,0,3,16.01114256273238,28.64993768983814,2
78.69434905892561,3.5173494781751553,5,1,21.11622194367844,46.768005652162486,0
56.08038314648831,2.1781563647968207,2,3,12.182817578810834,26.345662039819377,1
68.56657953492012,1.62826590410348,0,5,12.211433868202125,62.59993324369744,2
41.95904627918934,3.231233193948054,1,1,15.967594888437453,35.306729040262354,1
54.44307564261276,1.41062331091562,3,6,14.554009713235864,66.53068380410161,2
66.91294158000399,3.5292946725000442,6,2,26.399550005915785,24.22212415381642,0
43.96802119286904,1.0004429520358964,2,2,13.365967036714027,55.98633447676679,2
52.56320571779157,2.267051924177009,0,4,14.399959561776553,31.37571060759071,2
68.49347282956,3.260348406615014,4,0,19.24589339226637,50.347519635913045,1
39.413641610229206,1.1311401864736212,0,10,12.545803994149345,39.72098616657679,2
60.05702791580641,2.811643948959796,0,3,16.779823614015637,25.996374870907236,1
78.4415474186416,4.6969780741181495,3,2,23.271978606245955,11.110125210534058,0
60.69967039265863,2.685997761266981,4,6,18.45596843510044,42.94305909413781,1
55.98650279963723,2.3290494401274935,3,2,17.007474904663663,26.756120938348047,1
51.787309693986955,1.6935337232705852,1,3,10.94769977058603,67.21074787922991,2
40.2847055763782,1.0432546670221006,0,6,16.323208736647107,35.04095555114914,2
86.45170176630904,3.5217550982764934,5,0,22.55297699333207,33.084962266875685,0
71.35920000042827,2.537828639209729,3,0,18.421860236454627,32.678168397558636,0
93.63836293782842,3.4144776419895964,8,0,21.159658866306586,32.5217035760778,0
69.43879029806044,2.7644143492999502,0,6,15.026337375362267,48.392491302484856,1
82.75403513914878,3.361277619766533,6,0,26.977954833134362,23.182956657827674,0
81.05318096546264,3.1553253688574747,0,1,20.173761036588463,25.68300541564892,0
56.296926163694636,1.2223323830404507,0,6,15.375528353426265,58.60807917537166,2
77.92184807219107,5.982231584656555,8,2,25.241228964431713,28.59976010036165,0
58.45313298753888,3.426619575392991,4,7,15.032963320024251,52.07441160621222,1
43.103341028267295,1.5310221465575542,3,2,12.632188199366277,49.913525636821305,2
51.29154172307766,1.3059039435115176,0,2,20.663514390367684,45.91174917079152,1
43.621654429501184,2.5988685719706606,3,3,17.932334520467478,43.39100164025078,1
65.54958836860617,1.6267102084110767,4,1,18.645956521996972,61.01377979046841,1
52.87013935526841,1.4486635808503125,1,4,11.739090386357043,93.126244016894,2
84.93147265705026,3.2740988231215775,5,0,25.150266126306008,25.342987863056965,0
62.04040969370479,2.369810479801834,4,1,18.08683969256393,29.346342438032572,1
86.33124359320858,3.7268214741039527,2,1,23.496505602435104,36.275304212602315,0
53.817615908375345,1.5189455305836632,1,5,19.93058356520341,37.80152465690139,1
55.75547870879382,2.1221260540871825,2,4,12.908209000201026,31.744696893133188,2
71.41552300248236,3.089673386653173,3,0,22.617722515107086,28.463707901686167,0
53.82399037050669,3.18682725959809,2,5,15.705252413052957,51.44655512520973,1
68.94004308805143,4.081248032257794,5,2,21.451139279442483,37.158652943508706,0
70.68125162522622,1.292193026643959,5,5,15.277464884774384,75.77555384322682,1
76.41094915850344,4.267258574813468,3,1,20.344005510750968,31.7972471107469,0
73.66213554526611,3.541331542994443,10,1,20.6077552871646,33.15956901888052,0
69.03529516938329,1.6175927720800343,1,4,14.454365147136329,18.43240372563816,1
86.74512035135396,4.530767836889355,3,0,22.707000744122386,30.21714354301589,0
60.218371290191214,3.7447748446635725,2,2,15.3111298074215,45.044931033749094,1
62.57506316469012,4.053789047948911,3,1,19.147247932725485,34.3344676873913,0
51.53236160682455,0.8823422191740836,1,5,11.626323469238107,47.207411382557424,2
80.26220651287683,4.6597398138918145,3,1,21.930454895117517,46.18289205180164,0
77.83636839104378,5.57816386153581,11,1,23.817579637274996,30.70107772871994,0
82.61138173543797,4.125282888208404,7,0,18.697869733582912,41.59351404984922,0
51.74240835598704,1.6535500232119595,2,5,16.13737318393125,55.24744178568247,2
58.73138746681254,1.387872922850953,2,2,16.15300765175932,63.2925006260308,1
69.16628523659809,2.3549920358849876,7,1,21.903187571008008,19.75314269578286,0
